SSE,,BA14 8AT
SSE,,BA14 8HA
SSE,,BA14 8HD
SSE,,AB42 5RW
SSE,,SN8
SSE,,SN8 1HQ
SSE,,SN8 1RF
SSE,,SN8 3DZ
SSE,,SN8 3EA
SSE,,SN8 3EB
SSE,,SN8 3ED
SSE,,SN8 3EE
SSE,,SN8 3EF
SSE,,SN8 3EH
SSE,,SN8 3EJ
SSE,,SN8 3EL
SSE,,SN8 3EN
SSE,,SN8 3EP
SSE,,SN8 3EQ
SSE,,SN8 3ER
SSE,,SN8 3ES
SSE,,SN8 3EW
SSE,,SN8 3FE
SSE,,SN8 3FH
SSE,,SN8 3FJ
SSE,,SN8 3FN
SSE,,SN8 3HH
SSE,,SN8 3HJ
SSE,,SN8 3UH
SSE,,SO42 7WA
SSE,,SO42 7XA
SSE,,SO42 7XP
SSE,,SO42 7YB
SSE,,SO21 2LU
SSE,,SO21 2NQ
SSE,,SP4 7FY
SSE,,SP4 7FZ
SSE,,SP4 7GB
SSE,,SP4 7GD
SSE,,SP4 7GE
SSE,,SP4 7GF
SSE,,SP4 7WQ
SSE,,SP4 7YH
